X_x,X_y,labels
2.5152654304199293,1.1114393504213103,1
1.815598103875153,1.119697192646448,1
2.6963731610224833,0.6256321776271043,1
1.6728053061015404,0.6593005713406582,1
1.8959376071615694,5.185402589388561,0
0.5727938098809244,4.088055430524065,0
1.0626962212430218,5.176351431626175,0
0.44359862996842747,3.1153094465140336,0
1.9755391748807045,0.7189891322968999,1
-0.0018489296331316574,4.581456680763854,0
1.6974790983625732,0.866123282176209,1
1.130789312766103,0.9356208564581359,1
1.2021253972398727,3.6441468530978733,0
0.22459286251653932,4.770281540947536,0
2.113902502061791,1.247435867789913,1
0.49422428004219043,3.89005746079827,0
0.7019289837915643,0.28415955375657476,1
2.9352147507773845,1.4091948236146759,1
2.367906447304533,0.5521908780500973,1
2.5602462798770595,0.7479885118413675,1
1.6425649548156684,0.1692172180814645,1
0.18672563223958238,4.026836564559565,0
1.636065836078763,4.696945565881949,0
0.5143204338793053,4.62733684222348,0
2.130035294434726,5.1920962023090445,0
0.5947624315191664,4.70964730441629,0
1.8946273992964981,0.22085686105593272,1
1.1012350653926113,4.889770749338617,0
1.790713942057323,0.7294503628272314,1
0.45976417863483343,1.2614553745535653,1
0.2723960354779992,5.469960038837965,0
1.254712438591226,0.08963315645940362,1
2.601374866288433,1.087994589052718,1
1.4639610788223876,0.014562655459784746,1
0.9353251153517164,5.33179296043801,0
0.28778888709983363,4.04109530060173,0
1.6400376127622431,1.8194898924854155,1
1.5672489659103563,0.017809063256428503,1
1.1900899168511363,4.727731228363559,0
0.7675227889508035,4.397596708910778,0
0.8154680559756669,4.785261164926227,0
2.5192193078744376,0.1873352758219462,1
1.7674740330281093,1.2698786389440444,1
0.9593607415433021,4.56078644976664,0
1.0161804119763957,4.485270466092259,0
2.1404394194253458,0.7060666096508798,1
0.2139790794550549,4.885425352343197,0
0.8368568407639814,2.1363593767535285,1
1.689087953957876,4.4939528946033,0
3.410852891847389,0.8723093689415512,1
1.3419519667624606,0.5935738473587243,1
1.3222245685154597,4.178808074101593,0
1.255667542384771,3.382041115682056,0
0.9527003876099976,3.6029312288036714,0
2.1491714442121035,1.0369722816581022,1
0.6697869960051712,3.5954080169749427,0
2.2742116481149086,5.105704097110225,0
0.9825700909789874,5.375309623791891,0
1.868735818413795,0.9561037596992069,1
1.3608543659183658,0.7102883092625208,1
2.4715314130469572,0.8019195970501767,1
3.2288149063832945,1.1317196535506926,1
0.33381850564016957,4.936458363607072,0
0.7638737317944047,3.478816551397579,0
2.40615694346486,4.8704750196426385,0
2.084964510422932,1.1939657257065106,1
1.4281155017447051,1.6243508337475574,1
2.402380420070205,1.1074563341338413,1
1.6835378212422856,4.19583242596098,0
0.5595293627076758,4.2140066032517876,0
3.437617540043243,0.2616541663050085,1
0.670478769495503,4.0409427464816785,0
0.8934996379249738,1.010930818014234,1
1.8364513947978667,0.9916859731013552,1
1.9750465856318145,1.5443099435236944,1
2.5270642986982637,0.617812201896371,1
1.9606673117345883,2.2516977583168627,1
1.2713514103916879,1.8925420677088496,1
0.4883823093198226,3.268017766049384,0
1.6960751592790864,0.22812546836170022,1
1.0762741757700125,4.684806189583654,0
2.0450552731160134,1.125154701270986,1
-0.5555238109539522,4.695958484712606,0
-0.04749203582851247,5.474252564587464,0
1.644860982790548,1.89339413765186,1
2.096805454802437,4.847414122413621,0
0.0815155229231318,4.567422348207112,0
2.0299646506585307,0.7255313445039923,1
1.8243396359241126,0.9542746135281812,1
1.7771099366452214,1.1865525442020142,1
1.2176750632530244,3.892901272884202,0
0.3761408701127562,3.376924669381823,0
0.45953466751367356,5.44982629930781,0
1.6599104892724754,3.5628918352361985,0
1.9736977010258854,1.579798477499554,1
2.0458582544713453,0.9942205609168706,1
1.931125315734495,1.4257710071864063,1
0.7029505764360892,4.314274822863424,0
1.0037251889273626,4.19147701743289,0
1.5967811670890122,0.03498877565698977,1
0.595676822337917,4.086142627856107,0
2.351512587842391,0.8280012965173169,1
1.0827257638987469,4.0627187657234325,0
0.754760975781029,4.160159820902834,0
0.00793137001172417,4.1761431593200085,0
1.1641106995370358,3.791329883867355,0
0.3136400748894247,4.335086375004975,0
0.4389901418302897,4.535928826163947,0
2.74666646030275,1.5454348151600295,1
0.42857674327999995,4.973997100305902,0
2.503580521955657,0.18429668681569522,1
1.7144444869831275,5.025215236719037,0
1.4328927136346912,4.376792337344087,0
1.4137244158530171,4.381177073902836,0
0.6774506081311121,5.461506559738582,0
2.3956416881444795,0.7640585996288441,1
0.9494257913388888,0.6108792575136448,1
1.8801651037841602,0.4407683328509629,1
1.4817005211372116,0.690074594518305,1
1.9408754252840383,0.6607539515178666,1
1.3447177007541433,4.857111330388306,0
2.3110227598997386,1.3038084809560841,1
0.7438739881017237,4.122405677103188,0
1.6324473559191377,1.4636200949196336,1
1.0364040297735253,1.130031945174975,1
2.4550973706520267,0.6212317875048049,1
1.5446212592107438,4.2107812715938895,0
2.0406718467935168,0.45484511441452363,1
2.441256200470635,-0.044710385242134776,1
1.4903684456881097,3.913171971468302,0
1.6968778800536604,0.7549106220963326,1
1.2138741061434821,3.6479504222100867,0
0.7151779475135126,5.413345564535995,0
2.3696021357334014,0.9507169121647336,1
0.5294171853174312,3.8079242042529815,0
2.0968048726364756,3.7174205995225433,0
0.24100876724839426,4.810405113289319,0
1.663822372000666,0.6630916348253761,1
2.469158420153751,1.6787713976769358,1
3.0441484807574137,0.9962003132303372,1
1.2425880181937505,4.50399192387295,0
1.1055044830318288,1.2638912874022599,1
1.5287853728149865,4.495023919214202,0
0.45379178903736606,3.956477528589741,0
2.2199773360672417,0.3631146101406201,1
1.3514089491628076,3.3425527340843413,0
0.5716704821520695,4.322885662413,0
0.2005559327124259,4.4640178490579,0
2.2270737347682457,1.2629699606232072,1
1.9889431270933944,1.5097672869674166,1
1.6638913614718664,0.5849500725572703,1
0.43189105991654975,4.334954564926074,0
1.4393444092746954,4.797889819826628,0
1.2902360748655473,4.200859528715041,0
1.2008309760433589,0.6016717299206205,1
1.1552129830701285,5.0996188654606085,0
0.7893385592700715,4.3374865327862375,0
1.6784149856479307,0.6090473888614643,1
2.61437654590146,1.101642650218694,1
1.6235048883018022,0.4098678668054905,1
1.379172036178832,0.459257008219042,1
1.869221394823855,5.44132083306674,0
2.1061604967802476,3.4951318907629223,0
2.4393464370914333,-0.0725099666485638,1
1.8432084721785584,-0.07222085325268268,1
1.4885997678819276,0.6516338440164078,1
0.5325322807117071,5.229596084692432,0
1.0692385339646449,4.530684839209695,0
0.5900990368467607,2.969745436113734,0
0.34713829950623953,3.451776565141005,0
1.8698597400046046,-0.10793862386004904,1
1.9843690943557362,0.48955673753982665,1
2.8739866302943606,0.4839941492079743,1
1.0524173341686671,4.544980945515211,0
2.2235325446226555,0.30178949338018846,1
1.3796469327539564,4.548264429193056,0
1.5459225627019515,4.356318072279505,0
0.7343639103625873,5.0372543696778465,0
2.951958248127699,-0.34432735507018264,1
2.294695328816956,-0.7658919939180533,1
1.3615580623397303,1.3663825209639329,1
1.4949317978621983,3.858488315204525,0
2.0182916801754893,0.833280494163232,1
1.6522516318103992,3.655828422430336,0
0.9143387674703604,4.550146428611414,0
0.7280986900906466,3.8553144405839355,0
2.4743418108972794,0.8999261933896985,1
2.0784458525369907,-0.09636540145523531,1
1.6199090943547274,0.06764528670090364,1
0.3557243734758163,4.712744038417366,0
1.7295506358228474,1.1472936876947921,1
0.9171985638912357,3.9057003556311254,0
1.0017331713702464,1.1682243370214858,1
2.223222280858821,0.8387734261521621,1
2.57002187600828,1.5823247799324809,1
2.47019077207499,1.3145131461315405,1
1.8727175224410586,4.180692369188909,0
2.3381228529390596,3.431167922689131,0
1.5463231290618487,4.212973002469771,0
0.2771801740764812,4.844283219620902,0
